{
  "msg" : "The request is successful",
  "data" : {
    "regionname" : null,
    "id" : "4d299afdd5f442f2a93b23a802e11ff3",
    "comstatus" : null,
    "car_control" : null,
    "ropesensor" : null,
    "roping_system" : null,
    "base64Img" : null,
    "liftalarmstatus" : null,
    "createtime" : "2021-04-01T08:35:03.000+0000",
    "brandcolor" : null,
    "breakdownprobability" : null,
    "status" : 1,
    "motor_room_location" : null,
    "componenttype" : null,
    "description" : null,
    "lng" : 103.847213,
    "use_code" : null,
    "type_of_door_opening" : null,
    "address" : null,
    "brand" : "EMS",
    "liftnumber" : "570203D",
    "sensors" : null,
    "location" : null,
    "toDate" : null,
    "installtime" : "2021-04-01T08:35:03.000+0000",
    "contractterm" : null,
    "drive_type" : null,
    "speed" : null,
    "locationid" : "0c967b22d0e146718d503be721fbb748",
    "lat" : 1.354722,
    "batchno" : null,
    "plandescription" : null,
    "userid" : null,
    "lastmaintenancetime" : null,
    "labelmapping" : "[{\"label\":\"1\"},{\"label\":\"2\"},{\"label\":\"3\"},{\"label\":\"4\"}]",
    "person_capacity" : null,
    "planname" : null,
    "fromDate" : null,
    "agecolor" : null,
    "floor" : null,
    "nextmaintenancetime" : null,
    "regionidforsub" : null,
    "liftState2" : null,
    "tenant" : null,
    "lastupdatetime" : null,
    "liftstatus" : null,
    "showcolor" : null,
    "planid" : null,
    "landings" : 4,
    "dashboardLiftAlarm" : null,
    "liftage" : null,
    "minscheduletype" : null,
    "component" : null,
    "regionid" : null,
    "no_of_ropes" : null,
    "statuslevel" : null,
    "liftState" : null,
    "modelname" : null,
    "deviceids" : null,
    "modelid" : "a4c465e9096f4dc1992c32ec6a9999d6",
    "deviceid" : null
  },
  "code" : "200"
}
